"TL","Territory Level and Typology","REG_ID","Region","VAR","Indicator","SEX","Gender","POS","Position","TIME","Year","Unit Code","Unit","PowerCode Code","PowerCode","Reference Period Code","Reference Period","Value","Flag Codes","Flags"
"1_PU","     Country - predominantly urban regions","AUT","Austria","POP_TYPO_SH","    Share of national population by typology","T","Total","ALL","All regions","2000","2000",,,"0","Units",,,29.31,,
"1_IN","     Country - intermediate regions","AUT","Austria","POP_TYPO_SH","    Share of national population by typology","T","Total","ALL","All regions","2000","2000",,,"0","Units",,,27.5,,
"1_PR","     Country - rural regions","AUT","Austria","POP_TYPO_SH","    Share of national population by typology","T","Total","ALL","All regions","2000","2000",,,"0","Units",,,43.2,,
"1_PRC","     Country - predominantly rural close to a city","AUT","Austria","POP_TYPO_SH","    Share of national population by typology","T","Total","ALL","All regions","2000","2000",,,"0","Units",,,33.36,,
"1_PRR","     Country - predominantly rural remote","AUT","Austria","POP_TYPO_SH","    Share of national population by typology","T","Total","ALL","All regions","2000","2000",,,"0","Units",,,9.83,,
"1_PU","     Country - predominantly urban regions","AUT","Austria","POP_TYPO_SH","    Share of national population by typology","F","Females","ALL","All regions","2000","2000",,,"0","Units",,,29.67,,
"1_IN","     Country - intermediate regions","AUT","Austria","POP_TYPO_SH","    Share of national population by typology","F","Females","ALL","All regions","2000","2000",,,"0","Units",,,27.48,,
"1_PR","     Country - rural regions","AUT","Austria","POP_TYPO_SH","    Share of national population by typology","F","Females","ALL","All regions","2000","2000",,,"0","Units",,,42.85,,
"1_PRC","     Country - predominantly rural close to a city","AUT","Austria","POP_TYPO_SH","    Share of national population by typology","F","Females","ALL","All regions","2000","2000",,,"0","Units",,,32.95,,
"1_PRR","     Country - predominantly rural remote","AUT","Austria","POP_TYPO_SH","    Share of national population by typology","F","Females","ALL","All regions","2000","2000",,,"0","Units",,,9.9,,
"1_PU","     Country - predominantly urban regions","AUT","Austria","POP_TYPO_SH","    Share of national population by typology","M","Males","ALL","All regions","2000","2000",,,"0","Units",,,28.85,,
"1_IN","     Country - intermediate regions","AUT","Austria","POP_TYPO_SH","    Share of national population by typology","M","Males","ALL","All regions","2000","2000",,,"0","Units",,,27.5,,
"1_PR","     Country - rural regions","AUT","Austria","POP_TYPO_SH","    Share of national population by typology","M","Males","ALL","All regions","2000","2000",,,"0","Units",,,43.65,,
"1_PRC","     Country - predominantly rural close to a city","AUT","Austria","POP_TYPO_SH","    Share of national population by typology","M","Males","ALL","All regions","2000","2000",,,"0","Units",,,33.74,,
"1_PRR","     Country - predominantly rural remote","AUT","Austria","POP_TYPO_SH","    Share of national population by typology","M","Males","ALL","All regions","2000","2000",,,"0","Units",,,9.91,,
"1_PU","     Country - predominantly urban regions","BEL","Belgium","POP_TYPO_SH","    Share of national population by typology","T","Total","ALL","All regions","2000","2000",,,"0","Units",,,52.89,,
"1_IN","     Country - intermediate regions","BEL","Belgium","POP_TYPO_SH","    Share of national population by typology","T","Total","ALL","All regions","2000","2000",,,"0","Units",,,38.65,,
"1_PR","     Country - rural regions","BEL","Belgium","POP_TYPO_SH","    Share of national population by typology","T","Total","ALL","All regions","2000","2000",,,"0","Units",,,8.46,,
"1_PRC","     Country - predominantly rural close to a city","BEL","Belgium","POP_TYPO_SH","    Share of national population by typology","T","Total","ALL","All regions","2000","2000",,,"0","Units",,,8.07,,
"1_PRR","     Country - predominantly rural remote","BEL","Belgium","POP_TYPO_SH","    Share of national population by typology","T","Total","ALL","All regions","2000","2000",,,"0","Units",,,0.4,,
"1_PU","     Country - predominantly urban regions","BEL","Belgium","POP_TYPO_SH","    Share of national population by typology","F","Females","ALL","All regions","2000","2000",,,"0","Units",,,53.18,,
"1_IN","     Country - intermediate regions","BEL","Belgium","POP_TYPO_SH","    Share of national population by typology","F","Females","ALL","All regions","2000","2000",,,"0","Units",,,38.37,,
"1_PR","     Country - rural regions","BEL","Belgium","POP_TYPO_SH","    Share of national population by typology","F","Females","ALL","All regions","2000","2000",,,"0","Units",,,8.45,,
"1_PRC","     Country - predominantly rural close to a city","BEL","Belgium","POP_TYPO_SH","    Share of national population by typology","F","Females","ALL","All regions","2000","2000",,,"0","Units",,,8.06,,
"1_PRR","     Country - predominantly rural remote","BEL","Belgium","POP_TYPO_SH","    Share of national population by typology","F","Females","ALL","All regions","2000","2000",,,"0","Units",,,0.39,,
"1_PU","     Country - predominantly urban regions","BEL","Belgium","POP_TYPO_SH","    Share of national population by typology","M","Males","ALL","All regions","2000","2000",,,"0","Units",,,52.58,,
"1_IN","     Country - intermediate regions","BEL","Belgium","POP_TYPO_SH","    Share of national population by typology","M","Males","ALL","All regions","2000","2000",,,"0","Units",,,38.94,,
"1_PR","     Country - rural regions","BEL","Belgium","POP_TYPO_SH","    Share of national population by typology","M","Males","ALL","All regions","2000","2000",,,"0","Units",,,8.48,,
"1_PRC","     Country - predominantly rural close to a city","BEL","Belgium","POP_TYPO_SH","    Share of national population by typology","M","Males","ALL","All regions","2000","2000",,,"0","Units",,,8.08,,
"1_PRR","     Country - predominantly rural remote","BEL","Belgium","POP_TYPO_SH","    Share of national population by typology","M","Males","ALL","All regions","2000","2000",,,"0","Units",,,0.4,,
"1_PU","     Country - predominantly urban regions","CAN","Canada","POP_TYPO_SH","    Share of national population by typology","T","Total","ALL","All regions","2000","2000",,,"0","Units",,,53.72,,
"1_IN","     Country - intermediate regions","CAN","Canada","POP_TYPO_SH","    Share of national population by typology","T","Total","ALL","All regions","2000","2000",,,"0","Units",,,16.59,,
"1_PR","     Country - rural regions","CAN","Canada","POP_TYPO_SH","    Share of national population by typology","T","Total","ALL","All regions","2000","2000",,,"0","Units",,,29.69,,
"1_PRC","     Country - predominantly rural close to a city","CAN","Canada","POP_TYPO_SH","    Share of national population by typology","T","Total","ALL","All regions","2000","2000",,,"0","Units",,,12.02,,
"1_PRR","     Country - predominantly rural remote","CAN","Canada","POP_TYPO_SH","    Share of national population by typology","T","Total","ALL","All regions","2000","2000",,,"0","Units",,,17.68,,
"1_PU","     Country - predominantly urban regions","CAN","Canada","POP_TYPO_SH","    Share of national population by typology","F","Females","ALL","All regions","2000","2000",,,"0","Units",,,54.05,,
"1_IN","     Country - intermediate regions","CAN","Canada","POP_TYPO_SH","    Share of national population by typology","F","Females","ALL","All regions","2000","2000",,,"0","Units",,,16.64,,
"1_PR","     Country - rural regions","CAN","Canada","POP_TYPO_SH","    Share of national population by typology","F","Females","ALL","All regions","2000","2000",,,"0","Units",,,29.31,,
"1_PRC","     Country - predominantly rural close to a city","CAN","Canada","POP_TYPO_SH","    Share of national population by typology","F","Females","ALL","All regions","2000","2000",,,"0","Units",,,11.91,,
"1_PRR","     Country - predominantly rural remote","CAN","Canada","POP_TYPO_SH","    Share of national population by typology","F","Females","ALL","All regions","2000","2000",,,"0","Units",,,17.4,,
"1_PU","     Country - predominantly urban regions","CAN","Canada","POP_TYPO_SH","    Share of national population by typology","M","Males","ALL","All regions","2000","2000",,,"0","Units",,,53.39,,
"1_IN","     Country - intermediate regions","CAN","Canada","POP_TYPO_SH","    Share of national population by typology","M","Males","ALL","All regions","2000","2000",,,"0","Units",,,16.53,,
"1_PR","     Country - rural regions","CAN","Canada","POP_TYPO_SH","    Share of national population by typology","M","Males","ALL","All regions","2000","2000",,,"0","Units",,,30.08,,
"1_PRC","     Country - predominantly rural close to a city","CAN","Canada","POP_TYPO_SH","    Share of national population by typology","M","Males","ALL","All regions","2000","2000",,,"0","Units",,,12.12,,
"1_PRR","     Country - predominantly rural remote","CAN","Canada","POP_TYPO_SH","    Share of national population by typology","M","Males","ALL","All regions","2000","2000",,,"0","Units",,,17.96,,
"1_PU","     Country - predominantly urban regions","FRA","France","POP_TYPO_SH","    Share of national population by typology","T","Total","ALL","All regions","2000","2000",,,"0","Units",,,34.77,,
"1_IN","     Country - intermediate regions","FRA","France","POP_TYPO_SH","    Share of national population by typology","T","Total","ALL","All regions","2000","2000",,,"0","Units",,,33.62,,
"1_PR","     Country - rural regions","FRA","France","POP_TYPO_SH","    Share of national population by typology","T","Total","ALL","All regions","2000","2000",,,"0","Units",,,31.61,,
"1_PRC","     Country - predominantly rural close to a city","FRA","France","POP_TYPO_SH","    Share of national population by typology","T","Total","ALL","All regions","2000","2000",,,"0","Units",,,22.61,,
"1_PRR","     Country - predominantly rural remote","FRA","France","POP_TYPO_SH","    Share of national population by typology","T","Total","ALL","All regions","2000","2000",,,"0","Units",,,9,,
"1_PU","     Country - predominantly urban regions","FRA","France","POP_TYPO_SH","    Share of national population by typology","F","Females","ALL","All regions","2000","2000",,,"0","Units",,,34.98,,
"1_IN","     Country - intermediate regions","FRA","France","POP_TYPO_SH","    Share of national population by typology","F","Females","ALL","All regions","2000","2000",,,"0","Units",,,33.56,,
"1_PR","     Country - rural regions","FRA","France","POP_TYPO_SH","    Share of national population by typology","F","Females","ALL","All regions","2000","2000",,,"0","Units",,,31.45,,
"1_PRC","     Country - predominantly rural close to a city","FRA","France","POP_TYPO_SH","    Share of national population by typology","F","Females","ALL","All regions","2000","2000",,,"0","Units",,,22.51,,
"1_PRR","     Country - predominantly rural remote","FRA","France","POP_TYPO_SH","    Share of national population by typology","F","Females","ALL","All regions","2000","2000",,,"0","Units",,,8.94,,
"1_PU","     Country - predominantly urban regions","FRA","France","POP_TYPO_SH","    Share of national population by typology","M","Males","ALL","All regions","2000","2000",,,"0","Units",,,34.54,,
"1_IN","     Country - intermediate regions","FRA","France","POP_TYPO_SH","    Share of national population by typology","M","Males","ALL","All regions","2000","2000",,,"0","Units",,,33.67,,
"1_PR","     Country - rural regions","FRA","France","POP_TYPO_SH","    Share of national population by typology","M","Males","ALL","All regions","2000","2000",,,"0","Units",,,31.78,,
"1_PRC","     Country - predominantly rural close to a city","FRA","France","POP_TYPO_SH","    Share of national population by typology","M","Males","ALL","All regions","2000","2000",,,"0","Units",,,22.71,,
"1_PRR","     Country - predominantly rural remote","FRA","France","POP_TYPO_SH","    Share of national population by typology","M","Males","ALL","All regions","2000","2000",,,"0","Units",,,9.07,,
"1_PU","     Country - predominantly urban regions","DEU","Germany","POP_TYPO_SH","    Share of national population by typology","T","Total","ALL","All regions","2000","2000",,,"0","Units",,,42.01,,
"1_IN","     Country - intermediate regions","DEU","Germany","POP_TYPO_SH","    Share of national population by typology","T","Total","ALL","All regions","2000","2000",,,"0","Units",,,41.3,,
"1_PR","     Country - rural regions","DEU","Germany","POP_TYPO_SH","    Share of national population by typology","T","Total","ALL","All regions","2000","2000",,,"0","Units",,,16.69,,
"1_PRC","     Country - predominantly rural close to a city","DEU","Germany","POP_TYPO_SH","    Share of national population by typology","T","Total","ALL","All regions","2000","2000",,,"0","Units",,,14.27,,
"1_PRR","     Country - predominantly rural remote","DEU","Germany","POP_TYPO_SH","    Share of national population by typology","T","Total","ALL","All regions","2000","2000",,,"0","Units",,,2.42,,
"1_PU","     Country - predominantly urban regions","DEU","Germany","POP_TYPO_SH","    Share of national population by typology","F","Females","ALL","All regions","2000","2000",,,"0","Units",,,42.2,,
"1_IN","     Country - intermediate regions","DEU","Germany","POP_TYPO_SH","    Share of national population by typology","F","Females","ALL","All regions","2000","2000",,,"0","Units",,,41.24,,
"1_PR","     Country - rural regions","DEU","Germany","POP_TYPO_SH","    Share of national population by typology","F","Females","ALL","All regions","2000","2000",,,"0","Units",,,16.56,,
"1_PRC","     Country - predominantly rural close to a city","DEU","Germany","POP_TYPO_SH","    Share of national population by typology","F","Females","ALL","All regions","2000","2000",,,"0","Units",,,14.15,,
"1_PRR","     Country - predominantly rural remote","DEU","Germany","POP_TYPO_SH","    Share of national population by typology","F","Females","ALL","All regions","2000","2000",,,"0","Units",,,2.4,,
"1_PU","     Country - predominantly urban regions","DEU","Germany","POP_TYPO_SH","    Share of national population by typology","M","Males","ALL","All regions","2000","2000",,,"0","Units",,,41.81,,
"1_IN","     Country - intermediate regions","DEU","Germany","POP_TYPO_SH","    Share of national population by typology","M","Males","ALL","All regions","2000","2000",,,"0","Units",,,41.36,,
"1_PR","     Country - rural regions","DEU","Germany","POP_TYPO_SH","    Share of national population by typology","M","Males","ALL","All regions","2000","2000",,,"0","Units",,,16.83,,
"1_PRC","     Country - predominantly rural close to a city","DEU","Germany","POP_TYPO_SH","    Share of national population by typology","M","Males","ALL","All regions","2000","2000",,,"0","Units",,,14.38,,
"1_PRR","     Country - predominantly rural remote","DEU","Germany","POP_TYPO_SH","    Share of national population by typology","M","Males","ALL","All regions","2000","2000",,,"0","Units",,,2.45,,
"1_PU","     Country - predominantly urban regions","GBR","United Kingdom","POP_TYPO_SH","    Share of national population by typology","T","Total","ALL","All regions","2000","2000",,,"0","Units",,,74.26,,
"1_IN","     Country - intermediate regions","GBR","United Kingdom","POP_TYPO_SH","    Share of national population by typology","T","Total","ALL","All regions","2000","2000",,,"0","Units",,,21.71,,
"1_PR","     Country - rural regions","GBR","United Kingdom","POP_TYPO_SH","    Share of national population by typology","T","Total","ALL","All regions","2000","2000",,,"0","Units",,,4.03,,
"1_PRC","     Country - predominantly rural close to a city","GBR","United Kingdom","POP_TYPO_SH","    Share of national population by typology","T","Total","ALL","All regions","2000","2000",,,"0","Units",,,2.27,,
"1_PRR","     Country - predominantly rural remote","GBR","United Kingdom","POP_TYPO_SH","    Share of national population by typology","T","Total","ALL","All regions","2000","2000",,,"0","Units",,,1.76,,
"1_PU","     Country - predominantly urban regions","GBR","United Kingdom","POP_TYPO_SH","    Share of national population by typology","F","Females","ALL","All regions","2000","2000",,,"0","Units",,,75.67,,
"1_IN","     Country - intermediate regions","GBR","United Kingdom","POP_TYPO_SH","    Share of national population by typology","F","Females","ALL","All regions","2000","2000",,,"0","Units",,,21.15,,
"1_PR","     Country - rural regions","GBR","United Kingdom","POP_TYPO_SH","    Share of national population by typology","F","Females","ALL","All regions","2000","2000",,,"0","Units",,,3.18,,
"1_PRC","     Country - predominantly rural close to a city","GBR","United Kingdom","POP_TYPO_SH","    Share of national population by typology","F","Females","ALL","All regions","2000","2000",,,"0","Units",,,1.37,,
"1_PRR","     Country - predominantly rural remote","GBR","United Kingdom","POP_TYPO_SH","    Share of national population by typology","F","Females","ALL","All regions","2000","2000",,,"0","Units",,,1.82,,
"1_PU","     Country - predominantly urban regions","GBR","United Kingdom","POP_TYPO_SH","    Share of national population by typology","M","Males","ALL","All regions","2000","2000",,,"0","Units",,,75.62,,
"1_IN","     Country - intermediate regions","GBR","United Kingdom","POP_TYPO_SH","    Share of national population by typology","M","Males","ALL","All regions","2000","2000",,,"0","Units",,,21.21,,
"1_PR","     Country - rural regions","GBR","United Kingdom","POP_TYPO_SH","    Share of national population by typology","M","Males","ALL","All regions","2000","2000",,,"0","Units",,,3.18,,
"1_PRC","     Country - predominantly rural close to a city","GBR","United Kingdom","POP_TYPO_SH","    Share of national population by typology","M","Males","ALL","All regions","2000","2000",,,"0","Units",,,1.37,,
"1_PRR","     Country - predominantly rural remote","GBR","United Kingdom","POP_TYPO_SH","    Share of national population by typology","M","Males","ALL","All regions","2000","2000",,,"0","Units",,,1.81,,
"1_PU","     Country - predominantly urban regions","LVA","Latvia","POP_TYPO_SH","    Share of national population by typology","T","Total","ALL","All regions","2000","2000",,,"0","Units",,,47.21,,
"1_IN","     Country - intermediate regions","LVA","Latvia","POP_TYPO_SH","    Share of national population by typology","T","Total","ALL","All regions","2000","2000",,,"0","Units",,,29.72,,
"1_PR","     Country - rural regions","LVA","Latvia","POP_TYPO_SH","    Share of national population by typology","T","Total","ALL","All regions","2000","2000",,,"0","Units",,,23.07,,
"1_PRC","     Country - predominantly rural close to a city","LVA","Latvia","POP_TYPO_SH","    Share of national population by typology","T","Total","ALL","All regions","2000","2000",,,"0","Units",,,12.31,,
"1_PRR","     Country - predominantly rural remote","LVA","Latvia","POP_TYPO_SH","    Share of national population by typology","T","Total","ALL","All regions","2000","2000",,,"0","Units",,,10.75,,
"1_PU","     Country - predominantly urban regions","LVA","Latvia","POP_TYPO_SH","    Share of national population by typology","F","Females","ALL","All regions","2000","2000",,,"0","Units",,,47.91,,
"1_IN","     Country - intermediate regions","LVA","Latvia","POP_TYPO_SH","    Share of national population by typology","F","Females","ALL","All regions","2000","2000",,,"0","Units",,,29.4,,
"1_PR","     Country - rural regions","LVA","Latvia","POP_TYPO_SH","    Share of national population by typology","F","Females","ALL","All regions","2000","2000",,,"0","Units",,,22.69,,
"1_PRC","     Country - predominantly rural close to a city","LVA","Latvia","POP_TYPO_SH","    Share of national population by typology","F","Females","ALL","All regions","2000","2000",,,"0","Units",,,12.11,,
"1_PRR","     Country - predominantly rural remote","LVA","Latvia","POP_TYPO_SH","    Share of national population by typology","F","Females","ALL","All regions","2000","2000",,,"0","Units",,,10.58,,
"1_PU","     Country - predominantly urban regions","LVA","Latvia","POP_TYPO_SH","    Share of national population by typology","M","Males","ALL","All regions","2000","2000",,,"0","Units",,,46.4,,
"1_IN","     Country - intermediate regions","LVA","Latvia","POP_TYPO_SH","    Share of national population by typology","M","Males","ALL","All regions","2000","2000",,,"0","Units",,,30.1,,
"1_PR","     Country - rural regions","LVA","Latvia","POP_TYPO_SH","    Share of national population by typology","M","Males","ALL","All regions","2000","2000",,,"0","Units",,,23.5,,
"1_PRC","     Country - predominantly rural close to a city","LVA","Latvia","POP_TYPO_SH","    Share of national population by typology","M","Males","ALL","All regions","2000","2000",,,"0","Units",,,12.55,,
"1_PRR","     Country - predominantly rural remote","LVA","Latvia","POP_TYPO_SH","    Share of national population by typology","M","Males","ALL","All regions","2000","2000",,,"0","Units",,,10.96,,
"1_PU","     Country - predominantly urban regions","LTU","Lithuania","POP_TYPO_SH","    Share of national population by typology","T","Total","ALL","All regions","2000","2000",,,"0","Units",,,24.37,,
"1_IN","     Country - intermediate regions","LTU","Lithuania","POP_TYPO_SH","    Share of national population by typology","T","Total","ALL","All regions","2000","2000",,,"0","Units",,,66.39,,
"1_PR","     Country - rural regions","LTU","Lithuania","POP_TYPO_SH","    Share of national population by typology","T","Total","ALL","All regions","2000","2000",,,"0","Units",,,9.24,,
"1_PRR","     Country - predominantly rural remote","LTU","Lithuania","POP_TYPO_SH","    Share of national population by typology","T","Total","ALL","All regions","2000","2000",,,"0","Units",,,9.24,,
"1_PU","     Country - predominantly urban regions","LTU","Lithuania","POP_TYPO_SH","    Share of national population by typology","F","Females","ALL","All regions","2000","2000",,,"0","Units",,,24.61,,
"1_IN","     Country - intermediate regions","LTU","Lithuania","POP_TYPO_SH","    Share of national population by typology","F","Females","ALL","All regions","2000","2000",,,"0","Units",,,66.3,,
"1_PR","     Country - rural regions","LTU","Lithuania","POP_TYPO_SH","    Share of national population by typology","F","Females","ALL","All regions","2000","2000",,,"0","Units",,,9.09,,
"1_PRR","     Country - predominantly rural remote","LTU","Lithuania","POP_TYPO_SH","    Share of national population by typology","F","Females","ALL","All regions","2000","2000",,,"0","Units",,,9.09,,
"1_PU","     Country - predominantly urban regions","LTU","Lithuania","POP_TYPO_SH","    Share of national population by typology","M","Males","ALL","All regions","2000","2000",,,"0","Units",,,24.1,,
"1_IN","     Country - intermediate regions","LTU","Lithuania","POP_TYPO_SH","    Share of national population by typology","M","Males","ALL","All regions","2000","2000",,,"0","Units",,,66.48,,
"1_PR","     Country - rural regions","LTU","Lithuania","POP_TYPO_SH","    Share of national population by typology","M","Males","ALL","All regions","2000","2000",,,"0","Units",,,9.42,,
"1_PRR","     Country - predominantly rural remote","LTU","Lithuania","POP_TYPO_SH","    Share of national population by typology","M","Males","ALL","All regions","2000","2000",,,"0","Units",,,9.42,,
"1_PU","     Country - predominantly urban regions","GRC","Greece","POP_TYPO_SH","    Share of national population by typology","T","Total","ALL","All regions","2000","2000",,,"0","Units",,,45.85,,
"1_IN","     Country - intermediate regions","GRC","Greece","POP_TYPO_SH","    Share of national population by typology","T","Total","ALL","All regions","2000","2000",,,"0","Units",,,22.02,,
"1_PR","     Country - rural regions","GRC","Greece","POP_TYPO_SH","    Share of national population by typology","T","Total","ALL","All regions","2000","2000",,,"0","Units",,,32.13,,
"1_PRC","     Country - predominantly rural close to a city","GRC","Greece","POP_TYPO_SH","    Share of national population by typology","T","Total","ALL","All regions","2000","2000",,,"0","Units",,,3.52,,
"1_PRR","     Country - predominantly rural remote","GRC","Greece","POP_TYPO_SH","    Share of national population by typology","T","Total","ALL","All regions","2000","2000",,,"0","Units",,,28.61,,
"1_PU","     Country - predominantly urban regions","GRC","Greece","POP_TYPO_SH","    Share of national population by typology","F","Females","ALL","All regions","2000","2000",,,"0","Units",,,46.65,,
"1_IN","     Country - intermediate regions","GRC","Greece","POP_TYPO_SH","    Share of national population by typology","F","Females","ALL","All regions","2000","2000",,,"0","Units",,,21.64,,
"1_PR","     Country - rural regions","GRC","Greece","POP_TYPO_SH","    Share of national population by typology","F","Females","ALL","All regions","2000","2000",,,"0","Units",,,31.71,,
"1_PRC","     Country - predominantly rural close to a city","GRC","Greece","POP_TYPO_SH","    Share of national population by typology","F","Females","ALL","All regions","2000","2000",,,"0","Units",,,3.55,,
"1_PRR","     Country - predominantly rural remote","GRC","Greece","POP_TYPO_SH","    Share of national population by typology","F","Females","ALL","All regions","2000","2000",,,"0","Units",,,28.16,,
"1_PU","     Country - predominantly urban regions","GRC","Greece","POP_TYPO_SH","    Share of national population by typology","M","Males","ALL","All regions","2000","2000",,,"0","Units",,,45.02,,
"1_IN","     Country - intermediate regions","GRC","Greece","POP_TYPO_SH","    Share of national population by typology","M","Males","ALL","All regions","2000","2000",,,"0","Units",,,22.41,,
"1_PR","     Country - rural regions","GRC","Greece","POP_TYPO_SH","    Share of national population by typology","M","Males","ALL","All regions","2000","2000",,,"0","Units",,,32.57,,
"1_PRC","     Country - predominantly rural close to a city","GRC","Greece","POP_TYPO_SH","    Share of national population by typology","M","Males","ALL","All regions","2000","2000",,,"0","Units",,,3.49,,
"1_PRR","     Country - predominantly rural remote","GRC","Greece","POP_TYPO_SH","    Share of national population by typology","M","Males","ALL","All regions","2000","2000",,,"0","Units",,,29.08,,
"1_PU","     Country - predominantly urban regions","HUN","Hungary","POP_TYPO_SH","    Share of national population by typology","T","Total","ALL","All regions","2000","2000",,,"0","Units",,,17.48,,
"1_IN","     Country - intermediate regions","HUN","Hungary","POP_TYPO_SH","    Share of national population by typology","T","Total","ALL","All regions","2000","2000",,,"0","Units",,,62.65,,
"1_PR","     Country - rural regions","HUN","Hungary","POP_TYPO_SH","    Share of national population by typology","T","Total","ALL","All regions","2000","2000",,,"0","Units",,,19.87,,
"1_PRC","     Country - predominantly rural close to a city","HUN","Hungary","POP_TYPO_SH","    Share of national population by typology","T","Total","ALL","All regions","2000","2000",,,"0","Units",,,5.75,,
"1_PRR","     Country - predominantly rural remote","HUN","Hungary","POP_TYPO_SH","    Share of national population by typology","T","Total","ALL","All regions","2000","2000",,,"0","Units",,,14.12,,
"1_PU","     Country - predominantly urban regions","HUN","Hungary","POP_TYPO_SH","    Share of national population by typology","F","Females","ALL","All regions","2000","2000",,,"0","Units",,,18.12,,
"1_IN","     Country - intermediate regions","HUN","Hungary","POP_TYPO_SH","    Share of national population by typology","F","Females","ALL","All regions","2000","2000",,,"0","Units",,,62.09,,
"1_PR","     Country - rural regions","HUN","Hungary","POP_TYPO_SH","    Share of national population by typology","F","Females","ALL","All regions","2000","2000",,,"0","Units",,,19.79,,
"1_PRC","     Country - predominantly rural close to a city","HUN","Hungary","POP_TYPO_SH","    Share of national population by typology","F","Females","ALL","All regions","2000","2000",,,"0","Units",,,5.69,,
"1_PRR","     Country - predominantly rural remote","HUN","Hungary","POP_TYPO_SH","    Share of national population by typology","F","Females","ALL","All regions","2000","2000",,,"0","Units",,,14.1,,
"1_PU","     Country - predominantly urban regions","HUN","Hungary","POP_TYPO_SH","    Share of national population by typology","M","Males","ALL","All regions","2000","2000",,,"0","Units",,,16.78,,
"1_IN","     Country - intermediate regions","HUN","Hungary","POP_TYPO_SH","    Share of national population by typology","M","Males","ALL","All regions","2000","2000",,,"0","Units",,,63.26,,
"1_PR","     Country - rural regions","HUN","Hungary","POP_TYPO_SH","    Share of national population by typology","M","Males","ALL","All regions","2000","2000",,,"0","Units",,,19.97,,
"1_PRC","     Country - predominantly rural close to a city","HUN","Hungary","POP_TYPO_SH","    Share of national population by typology","M","Males","ALL","All regions","2000","2000",,,"0","Units",,,5.82,,
"1_PRR","     Country - predominantly rural remote","HUN","Hungary","POP_TYPO_SH","    Share of national population by typology","M","Males","ALL","All regions","2000","2000",,,"0","Units",,,14.14,,
"1_IN","     Country - intermediate regions","ISL","Iceland","POP_TYPO_SH","    Share of national population by typology","T","Total","ALL","All regions","2000","2000",,,"0","Units",,,61.56,,
"1_PR","     Country - rural regions","ISL","Iceland","POP_TYPO_SH","    Share of national population by typology","T","Total","ALL","All regions","2000","2000",,,"0","Units",,,38.44,,
"1_PRC","     Country - predominantly rural close to a city","ISL","Iceland","POP_TYPO_SH","    Share of national population by typology","T","Total","ALL","All regions","2000","2000",,,"0","Units",,,5.77,,
"1_PRR","     Country - predominantly rural remote","ISL","Iceland","POP_TYPO_SH","    Share of national population by typology","T","Total","ALL","All regions","2000","2000",,,"0","Units",,,32.66,,
"1_IN","     Country - intermediate regions","ISL","Iceland","POP_TYPO_SH","    Share of national population by typology","F","Females","ALL","All regions","2000","2000",,,"0","Units",,,62.52,,
"1_PR","     Country - rural regions","ISL","Iceland","POP_TYPO_SH","    Share of national population by typology","F","Females","ALL","All regions","2000","2000",,,"0","Units",,,37.48,,
"1_PRC","     Country - predominantly rural close to a city","ISL","Iceland","POP_TYPO_SH","    Share of national population by typology","F","Females","ALL","All regions","2000","2000",,,"0","Units",,,5.66,,
"1_PRR","     Country - predominantly rural remote","ISL","Iceland","POP_TYPO_SH","    Share of national population by typology","F","Females","ALL","All regions","2000","2000",,,"0","Units",,,31.83,,
"1_IN","     Country - intermediate regions","ISL","Iceland","POP_TYPO_SH","    Share of national population by typology","M","Males","ALL","All regions","2000","2000",,,"0","Units",,,60.61,,
"1_PR","     Country - rural regions","ISL","Iceland","POP_TYPO_SH","    Share of national population by typology","M","Males","ALL","All regions","2000","2000",,,"0","Units",,,39.39,,
"1_PRC","     Country - predominantly rural close to a city","ISL","Iceland","POP_TYPO_SH","    Share of national population by typology","M","Males","ALL","All regions","2000","2000",,,"0","Units",,,5.89,,
"1_PRR","     Country - predominantly rural remote","ISL","Iceland","POP_TYPO_SH","    Share of national population by typology","M","Males","ALL","All regions","2000","2000",,,"0","Units",,,33.5,,
"1_PU","     Country - predominantly urban regions","IRL","Ireland","POP_TYPO_SH","    Share of national population by typology","T","Total","ALL","All regions","2000","2000",,,"0","Units",,,28.84,,
"1_IN","     Country - intermediate regions","IRL","Ireland","POP_TYPO_SH","    Share of national population by typology","T","Total","ALL","All regions","2000","2000",,,"0","Units",,,12.79,,
"1_PR","     Country - rural regions","IRL","Ireland","POP_TYPO_SH","    Share of national population by typology","T","Total","ALL","All regions","2000","2000",,,"0","Units",,,58.37,,
"1_PRC","     Country - predominantly rural close to a city","IRL","Ireland","POP_TYPO_SH","    Share of national population by typology","T","Total","ALL","All regions","2000","2000",,,"0","Units",,,34.41,,
"1_PRR","     Country - predominantly rural remote","IRL","Ireland","POP_TYPO_SH","    Share of national population by typology","T","Total","ALL","All regions","2000","2000",,,"0","Units",,,23.96,,
"1_PU","     Country - predominantly urban regions","IRL","Ireland","POP_TYPO_SH","    Share of national population by typology","F","Females","ALL","All regions","2000","2000",,,"0","Units",,,29.61,,
"1_IN","     Country - intermediate regions","IRL","Ireland","POP_TYPO_SH","    Share of national population by typology","F","Females","ALL","All regions","2000","2000",,,"0","Units",,,12.69,,
"1_PR","     Country - rural regions","IRL","Ireland","POP_TYPO_SH","    Share of national population by typology","F","Females","ALL","All regions","2000","2000",,,"0","Units",,,57.71,,
"1_PRC","     Country - predominantly rural close to a city","IRL","Ireland","POP_TYPO_SH","    Share of national population by typology","F","Females","ALL","All regions","2000","2000",,,"0","Units",,,34.13,,
"1_PRR","     Country - predominantly rural remote","IRL","Ireland","POP_TYPO_SH","    Share of national population by typology","F","Females","ALL","All regions","2000","2000",,,"0","Units",,,23.58,,
"1_PU","     Country - predominantly urban regions","IRL","Ireland","POP_TYPO_SH","    Share of national population by typology","M","Males","ALL","All regions","2000","2000",,,"0","Units",,,28.06,,
"1_IN","     Country - intermediate regions","IRL","Ireland","POP_TYPO_SH","    Share of national population by typology","M","Males","ALL","All regions","2000","2000",,,"0","Units",,,12.89,,
"1_PR","     Country - rural regions","IRL","Ireland","POP_TYPO_SH","    Share of national population by typology","M","Males","ALL","All regions","2000","2000",,,"0","Units",,,59.05,,
"1_PRC","     Country - predominantly rural close to a city","IRL","Ireland","POP_TYPO_SH","    Share of national population by typology","M","Males","ALL","All regions","2000","2000",,,"0","Units",,,34.69,,
"1_PRR","     Country - predominantly rural remote","IRL","Ireland","POP_TYPO_SH","    Share of national population by typology","M","Males","ALL","All regions","2000","2000",,,"0","Units",,,24.35,,
"1_PU","     Country - predominantly urban regions","NLD","Netherlands","POP_TYPO_SH","    Share of national population by typology","T","Total","ALL","All regions","2000","2000",,,"0","Units",,,73.4,,
"1_IN","     Country - intermediate regions","NLD","Netherlands","POP_TYPO_SH","    Share of national population by typology","T","Total","ALL","All regions","2000","2000",,,"0","Units",,,25.92,,
"1_PR","     Country - rural regions","NLD","Netherlands","POP_TYPO_SH","    Share of national population by typology","T","Total","ALL","All regions","2000","2000",,,"0","Units",,,0.68,,
"1_PRC","     Country - predominantly rural close to a city","NLD","Netherlands","POP_TYPO_SH","    Share of national population by typology","T","Total","ALL","All regions","2000","2000",,,"0","Units",,,0.68,,
"1_PU","     Country - predominantly urban regions","NLD","Netherlands","POP_TYPO_SH","    Share of national population by typology","F","Females","ALL","All regions","2000","2000",,,"0","Units",,,73.58,,
"1_IN","     Country - intermediate regions","NLD","Netherlands","POP_TYPO_SH","    Share of national population by typology","F","Females","ALL","All regions","2000","2000",,,"0","Units",,,25.75,,
"1_PR","     Country - rural regions","NLD","Netherlands","POP_TYPO_SH","    Share of national population by typology","F","Females","ALL","All regions","2000","2000",,,"0","Units",,,0.67,,
"1_PRC","     Country - predominantly rural close to a city","NLD","Netherlands","POP_TYPO_SH","    Share of national population by typology","F","Females","ALL","All regions","2000","2000",,,"0","Units",,,0.67,,
"1_PU","     Country - predominantly urban regions","NLD","Netherlands","POP_TYPO_SH","    Share of national population by typology","M","Males","ALL","All regions","2000","2000",,,"0","Units",,,73.22,,
"1_IN","     Country - intermediate regions","NLD","Netherlands","POP_TYPO_SH","    Share of national population by typology","M","Males","ALL","All regions","2000","2000",,,"0","Units",,,26.1,,
"1_PR","     Country - rural regions","NLD","Netherlands","POP_TYPO_SH","    Share of national population by typology","M","Males","ALL","All regions","2000","2000",,,"0","Units",,,0.68,,
"1_PRC","     Country - predominantly rural close to a city","NLD","Netherlands","POP_TYPO_SH","    Share of national population by typology","M","Males","ALL","All regions","2000","2000",,,"0","Units",,,0.68,,
"1_PU","     Country - predominantly urban regions","NOR","Norway","POP_TYPO_SH","    Share of national population by typology","T","Total","ALL","All regions","2000","2000",,,"0","Units",,,21.76,,
"1_IN","     Country - intermediate regions","NOR","Norway","POP_TYPO_SH","    Share of national population by typology","T","Total","ALL","All regions","2000","2000",,,"0","Units",,,49.5,,
"1_PR","     Country - rural regions","NOR","Norway","POP_TYPO_SH","    Share of national population by typology","T","Total","ALL","All regions","2000","2000",,,"0","Units",,,28.74,,
"1_PRC","     Country - predominantly rural close to a city","NOR","Norway","POP_TYPO_SH","    Share of national population by typology","T","Total","ALL","All regions","2000","2000",,,"0","Units",,,2.28,,
"1_PRR","     Country - predominantly rural remote","NOR","Norway","POP_TYPO_SH","    Share of national population by typology","T","Total","ALL","All regions","2000","2000",,,"0","Units",,,26.46,,
"1_PU","     Country - predominantly urban regions","NOR","Norway","POP_TYPO_SH","    Share of national population by typology","F","Females","ALL","All regions","2000","2000",,,"0","Units",,,22.04,,
"1_IN","     Country - intermediate regions","NOR","Norway","POP_TYPO_SH","    Share of national population by typology","F","Females","ALL","All regions","2000","2000",,,"0","Units",,,49.5,,
"1_PR","     Country - rural regions","NOR","Norway","POP_TYPO_SH","    Share of national population by typology","F","Females","ALL","All regions","2000","2000",,,"0","Units",,,28.46,,
"1_PRC","     Country - predominantly rural close to a city","NOR","Norway","POP_TYPO_SH","    Share of national population by typology","F","Females","ALL","All regions","2000","2000",,,"0","Units",,,2.27,,
"1_PRR","     Country - predominantly rural remote","NOR","Norway","POP_TYPO_SH","    Share of national population by typology","F","Females","ALL","All regions","2000","2000",,,"0","Units",,,26.19,,
"1_PU","     Country - predominantly urban regions","NOR","Norway","POP_TYPO_SH","    Share of national population by typology","M","Males","ALL","All regions","2000","2000",,,"0","Units",,,21.47,,
"1_IN","     Country - intermediate regions","NOR","Norway","POP_TYPO_SH","    Share of national population by typology","M","Males","ALL","All regions","2000","2000",,,"0","Units",,,49.5,,
"1_PR","     Country - rural regions","NOR","Norway","POP_TYPO_SH","    Share of national population by typology","M","Males","ALL","All regions","2000","2000",,,"0","Units",,,29.02,,
"1_PRC","     Country - predominantly rural close to a city","NOR","Norway","POP_TYPO_SH","    Share of national population by typology","M","Males","ALL","All regions","2000","2000",,,"0","Units",,,2.29,,
"1_PRR","     Country - predominantly rural remote","NOR","Norway","POP_TYPO_SH","    Share of national population by typology","M","Males","ALL","All regions","2000","2000",,,"0","Units",,,26.73,,
"1_PU","     Country - predominantly urban regions","POL","Poland","POP_TYPO_SH","    Share of national population by typology","T","Total","ALL","All regions","2000","2000",,,"0","Units",,,27.23,,
"1_IN","     Country - intermediate regions","POL","Poland","POP_TYPO_SH","    Share of national population by typology","T","Total","ALL","All regions","2000","2000",,,"0","Units",,,37.22,,
"1_PR","     Country - rural regions","POL","Poland","POP_TYPO_SH","    Share of national population by typology","T","Total","ALL","All regions","2000","2000",,,"0","Units",,,35.54,,
"1_PRC","     Country - predominantly rural close to a city","POL","Poland","POP_TYPO_SH","    Share of national population by typology","T","Total","ALL","All regions","2000","2000",,,"0","Units",,,29.09,,
"1_PRR","     Country - predominantly rural remote","POL","Poland","POP_TYPO_SH","    Share of national population by typology","T","Total","ALL","All regions","2000","2000",,,"0","Units",,,6.46,,
"1_PU","     Country - predominantly urban regions","POL","Poland","POP_TYPO_SH","    Share of national population by typology","F","Females","ALL","All regions","2000","2000",,,"0","Units",,,27.74,,
"1_IN","     Country - intermediate regions","POL","Poland","POP_TYPO_SH","    Share of national population by typology","F","Females","ALL","All regions","2000","2000",,,"0","Units",,,37.11,,
"1_PR","     Country - rural regions","POL","Poland","POP_TYPO_SH","    Share of national population by typology","F","Females","ALL","All regions","2000","2000",,,"0","Units",,,35.15,,
"1_PRC","     Country - predominantly rural close to a city","POL","Poland","POP_TYPO_SH","    Share of national population by typology","F","Females","ALL","All regions","2000","2000",,,"0","Units",,,28.78,,
"1_PRR","     Country - predominantly rural remote","POL","Poland","POP_TYPO_SH","    Share of national population by typology","F","Females","ALL","All regions","2000","2000",,,"0","Units",,,6.37,,
"1_PU","     Country - predominantly urban regions","POL","Poland","POP_TYPO_SH","    Share of national population by typology","M","Males","ALL","All regions","2000","2000",,,"0","Units",,,26.69,,
"1_IN","     Country - intermediate regions","POL","Poland","POP_TYPO_SH","    Share of national population by typology","M","Males","ALL","All regions","2000","2000",,,"0","Units",,,37.34,,
"1_PR","     Country - rural regions","POL","Poland","POP_TYPO_SH","    Share of national population by typology","M","Males","ALL","All regions","2000","2000",,,"0","Units",,,35.96,,
"1_PRC","     Country - predominantly rural close to a city","POL","Poland","POP_TYPO_SH","    Share of national population by typology","M","Males","ALL","All regions","2000","2000",,,"0","Units",,,29.41,,
"1_PRR","     Country - predominantly rural remote","POL","Poland","POP_TYPO_SH","    Share of national population by typology","M","Males","ALL","All regions","2000","2000",,,"0","Units",,,6.55,,
"1_PU","     Country - predominantly urban regions","USA","United States","POP_TYPO_SH","    Share of national population by typology","T","Total","ALL","All regions","2000","2000",,,"0","Units",,,42.73,,
"1_IN","     Country - intermediate regions","USA","United States","POP_TYPO_SH","    Share of national population by typology","T","Total","ALL","All regions","2000","2000",,,"0","Units",,,20.19,,
"1_PR","     Country - rural regions","USA","United States","POP_TYPO_SH","    Share of national population by typology","T","Total","ALL","All regions","2000","2000",,,"0","Units",,,37.09,,
"1_PRC","     Country - predominantly rural close to a city","USA","United States","POP_TYPO_SH","    Share of national population by typology","T","Total","ALL","All regions","2000","2000",,,"0","Units",,,33.16,,
"1_PRR","     Country - predominantly rural remote","USA","United States","POP_TYPO_SH","    Share of national population by typology","T","Total","ALL","All regions","2000","2000",,,"0","Units",,,3.92,,
"1_PU","     Country - predominantly urban regions","USA","United States","POP_TYPO_SH","    Share of national population by typology","F","Females","ALL","All regions","2000","2000",,,"0","Units",,,42.88,,
"1_IN","     Country - intermediate regions","USA","United States","POP_TYPO_SH","    Share of national population by typology","F","Females","ALL","All regions","2000","2000",,,"0","Units",,,20.19,,
"1_PR","     Country - rural regions","USA","United States","POP_TYPO_SH","    Share of national population by typology","F","Females","ALL","All regions","2000","2000",,,"0","Units",,,36.93,,
"1_PRC","     Country - predominantly rural close to a city","USA","United States","POP_TYPO_SH","    Share of national population by typology","F","Females","ALL","All regions","2000","2000",,,"0","Units",,,33.01,,
"1_PRR","     Country - predominantly rural remote","USA","United States","POP_TYPO_SH","    Share of national population by typology","F","Females","ALL","All regions","2000","2000",,,"0","Units",,,3.92,,
"1_PU","     Country - predominantly urban regions","USA","United States","POP_TYPO_SH","    Share of national population by typology","M","Males","ALL","All regions","2000","2000",,,"0","Units",,,42.57,,
"1_IN","     Country - intermediate regions","USA","United States","POP_TYPO_SH","    Share of national population by typology","M","Males","ALL","All regions","2000","2000",,,"0","Units",,,20.18,,
"1_PR","     Country - rural regions","USA","United States","POP_TYPO_SH","    Share of national population by typology","M","Males","ALL","All regions","2000","2000",,,"0","Units",,,37.25,,
"1_PRC","     Country - predominantly rural close to a city","USA","United States","POP_TYPO_SH","    Share of national population by typology","M","Males","ALL","All regions","2000","2000",,,"0","Units",,,33.32,,
"1_PRR","     Country - predominantly rural remote","USA","United States","POP_TYPO_SH","    Share of national population by typology","M","Males","ALL","All regions","2000","2000",,,"0","Units",,,3.93,,
"1_PU","     Country - predominantly urban regions","ISR","Israel","POP_TYPO_SH","    Share of national population by typology","T","Total","ALL","All regions","2000","2000",,,"0","Units",,,67.96,,
"1_IN","     Country - intermediate regions","ISR","Israel","POP_TYPO_SH","    Share of national population by typology","T","Total","ALL","All regions","2000","2000",,,"0","Units",,,32.04,,
"1_PU","     Country - predominantly urban regions","ISR","Israel","POP_TYPO_SH","    Share of national population by typology","F","Females","ALL","All regions","2000","2000",,,"0","Units",,,68.32,,
"1_IN","     Country - intermediate regions","ISR","Israel","POP_TYPO_SH","    Share of national population by typology","F","Females","ALL","All regions","2000","2000",,,"0","Units",,,31.68,,
"1_PU","     Country - predominantly urban regions","ISR","Israel","POP_TYPO_SH","    Share of national population by typology","M","Males","ALL","All regions","2000","2000",,,"0","Units",,,67.6,,
"1_IN","     Country - intermediate regions","ISR","Israel","POP_TYPO_SH","    Share of national population by typology","M","Males","ALL","All regions","2000","2000",,,"0","Units",,,32.4,,
"1_PU","     Country - predominantly urban regions","ITA","Italy","POP_TYPO_SH","    Share of national population by typology","T","Total","ALL","All regions","2000","2000",,,"0","Units",,,47.96,,
"1_IN","     Country - intermediate regions","ITA","Italy","POP_TYPO_SH","    Share of national population by typology","T","Total","ALL","All regions","2000","2000",,,"0","Units",,,42,,
"1_PR","     Country - rural regions","ITA","Italy","POP_TYPO_SH","    Share of national population by typology","T","Total","ALL","All regions","2000","2000",,,"0","Units",,,10.05,,
"1_PRC","     Country - predominantly rural close to a city","ITA","Italy","POP_TYPO_SH","    Share of national population by typology","T","Total","ALL","All regions","2000","2000",,,"0","Units",,,7.7,,
"1_PRR","     Country - predominantly rural remote","ITA","Italy","POP_TYPO_SH","    Share of national population by typology","T","Total","ALL","All regions","2000","2000",,,"0","Units",,,2.34,,
"1_PU","     Country - predominantly urban regions","JPN","Japan","POP_TYPO_SH","    Share of national population by typology","T","Total","ALL","All regions","2000","2000",,,"0","Units",,,54.49,,
"1_IN","     Country - intermediate regions","JPN","Japan","POP_TYPO_SH","    Share of national population by typology","T","Total","ALL","All regions","2000","2000",,,"0","Units",,,32.48,,
"1_PR","     Country - rural regions","JPN","Japan","POP_TYPO_SH","    Share of national population by typology","T","Total","ALL","All regions","2000","2000",,,"0","Units",,,13.03,,
"1_PRC","     Country - predominantly rural close to a city","JPN","Japan","POP_TYPO_SH","    Share of national population by typology","T","Total","ALL","All regions","2000","2000",,,"0","Units",,,5.36,,
"1_PRR","     Country - predominantly rural remote","JPN","Japan","POP_TYPO_SH","    Share of national population by typology","T","Total","ALL","All regions","2000","2000",,,"0","Units",,,7.66,,
"1_PU","     Country - predominantly urban regions","JPN","Japan","POP_TYPO_SH","    Share of national population by typology","F","Females","ALL","All regions","2000","2000",,,"0","Units",,,53.9,,
"1_IN","     Country - intermediate regions","JPN","Japan","POP_TYPO_SH","    Share of national population by typology","F","Females","ALL","All regions","2000","2000",,,"0","Units",,,32.85,,
"1_PR","     Country - rural regions","JPN","Japan","POP_TYPO_SH","    Share of national population by typology","F","Females","ALL","All regions","2000","2000",,,"0","Units",,,13.25,,
"1_PRC","     Country - predominantly rural close to a city","JPN","Japan","POP_TYPO_SH","    Share of national population by typology","F","Females","ALL","All regions","2000","2000",,,"0","Units",,,5.44,,
"1_PRR","     Country - predominantly rural remote","JPN","Japan","POP_TYPO_SH","    Share of national population by typology","F","Females","ALL","All regions","2000","2000",,,"0","Units",,,7.82,,
"1_PU","     Country - predominantly urban regions","JPN","Japan","POP_TYPO_SH","    Share of national population by typology","M","Males","ALL","All regions","2000","2000",,,"0","Units",,,55.11,,
"1_IN","     Country - intermediate regions","JPN","Japan","POP_TYPO_SH","    Share of national population by typology","M","Males","ALL","All regions","2000","2000",,,"0","Units",,,32.1,,
"1_PR","     Country - rural regions","JPN","Japan","POP_TYPO_SH","    Share of national population by typology","M","Males","ALL","All regions","2000","2000",,,"0","Units",,,12.79,,
"1_PRC","     Country - predominantly rural close to a city","JPN","Japan","POP_TYPO_SH","    Share of national population by typology","M","Males","ALL","All regions","2000","2000",,,"0","Units",,,5.29,,
"1_PRR","     Country - predominantly rural remote","JPN","Japan","POP_TYPO_SH","    Share of national population by typology","M","Males","ALL","All regions","2000","2000",,,"0","Units",,,7.5,,
"1_PU","     Country - predominantly urban regions","PRT","Portugal","POP_TYPO_SH","    Share of national population by typology","T","Total","ALL","All regions","2000","2000",,,"0","Units",,,44.69,,
"1_IN","     Country - intermediate regions","PRT","Portugal","POP_TYPO_SH","    Share of national population by typology","T","Total","ALL","All regions","2000","2000",,,"0","Units",,,21.7,,
"1_PR","     Country - rural regions","PRT","Portugal","POP_TYPO_SH","    Share of national population by typology","T","Total","ALL","All regions","2000","2000",,,"0","Units",,,33.61,,
"1_PRC","     Country - predominantly rural close to a city","PRT","Portugal","POP_TYPO_SH","    Share of national population by typology","T","Total","ALL","All regions","2000","2000",,,"0","Units",,,15.27,,
"1_PRR","     Country - predominantly rural remote","PRT","Portugal","POP_TYPO_SH","    Share of national population by typology","T","Total","ALL","All regions","2000","2000",,,"0","Units",,,18.34,,
"1_PU","     Country - predominantly urban regions","PRT","Portugal","POP_TYPO_SH","    Share of national population by typology","F","Females","ALL","All regions","2000","2000",,,"0","Units",,,44.94,,
"1_IN","     Country - intermediate regions","PRT","Portugal","POP_TYPO_SH","    Share of national population by typology","F","Females","ALL","All regions","2000","2000",,,"0","Units",,,21.43,,
"1_PR","     Country - rural regions","PRT","Portugal","POP_TYPO_SH","    Share of national population by typology","F","Females","ALL","All regions","2000","2000",,,"0","Units",,,33.63,,
"1_PRC","     Country - predominantly rural close to a city","PRT","Portugal","POP_TYPO_SH","    Share of national population by typology","F","Females","ALL","All regions","2000","2000",,,"0","Units",,,15.36,,
"1_PRR","     Country - predominantly rural remote","PRT","Portugal","POP_TYPO_SH","    Share of national population by typology","F","Females","ALL","All regions","2000","2000",,,"0","Units",,,18.26,,
"1_PU","     Country - predominantly urban regions","PRT","Portugal","POP_TYPO_SH","    Share of national population by typology","M","Males","ALL","All regions","2000","2000",,,"0","Units",,,44.41,,
"1_IN","     Country - intermediate regions","PRT","Portugal","POP_TYPO_SH","    Share of national population by typology","M","Males","ALL","All regions","2000","2000",,,"0","Units",,,21.99,,
"1_PR","     Country - rural regions","PRT","Portugal","POP_TYPO_SH","    Share of national population by typology","M","Males","ALL","All regions","2000","2000",,,"0","Units",,,33.59,,
"1_PRC","     Country - predominantly rural close to a city","PRT","Portugal","POP_TYPO_SH","    Share of national population by typology","M","Males","ALL","All regions","2000","2000",,,"0","Units",,,15.17,,
"1_PRR","     Country - predominantly rural remote","PRT","Portugal","POP_TYPO_SH","    Share of national population by typology","M","Males","ALL","All regions","2000","2000",,,"0","Units",,,18.43,,
"1_PU","     Country - predominantly urban regions","SVK","Slovak Republic","POP_TYPO_SH","    Share of national population by typology","T","Total","ALL","All regions","2000","2000",,,"0","Units",,,11.43,,
"1_IN","     Country - intermediate regions","SVK","Slovak Republic","POP_TYPO_SH","    Share of national population by typology","T","Total","ALL","All regions","2000","2000",,,"0","Units",,,51.55,,
"1_PR","     Country - rural regions","SVK","Slovak Republic","POP_TYPO_SH","    Share of national population by typology","T","Total","ALL","All regions","2000","2000",,,"0","Units",,,37.02,,
"1_PRC","     Country - predominantly rural close to a city","SVK","Slovak Republic","POP_TYPO_SH","    Share of national population by typology","T","Total","ALL","All regions","2000","2000",,,"0","Units",,,37.02,,
"1_PU","     Country - predominantly urban regions","SVK","Slovak Republic","POP_TYPO_SH","    Share of national population by typology","F","Females","ALL","All regions","2000","2000",,,"0","Units",,,11.69,,
"1_IN","     Country - intermediate regions","SVK","Slovak Republic","POP_TYPO_SH","    Share of national population by typology","F","Females","ALL","All regions","2000","2000",,,"0","Units",,,51.41,,
"1_PR","     Country - rural regions","SVK","Slovak Republic","POP_TYPO_SH","    Share of national population by typology","F","Females","ALL","All regions","2000","2000",,,"0","Units",,,36.91,,
"1_PRC","     Country - predominantly rural close to a city","SVK","Slovak Republic","POP_TYPO_SH","    Share of national population by typology","F","Females","ALL","All regions","2000","2000",,,"0","Units",,,36.91,,
"1_PU","     Country - predominantly urban regions","SVK","Slovak Republic","POP_TYPO_SH","    Share of national population by typology","M","Males","ALL","All regions","2000","2000",,,"0","Units",,,11.16,,
"1_IN","     Country - intermediate regions","SVK","Slovak Republic","POP_TYPO_SH","    Share of national population by typology","M","Males","ALL","All regions","2000","2000",,,"0","Units",,,51.7,,
"1_PR","     Country - rural regions","SVK","Slovak Republic","POP_TYPO_SH","    Share of national population by typology","M","Males","ALL","All regions","2000","2000",,,"0","Units",,,37.14,,
"1_PRC","     Country - predominantly rural close to a city","SVK","Slovak Republic","POP_TYPO_SH","    Share of national population by typology","M","Males","ALL","All regions","2000","2000",,,"0","Units",,,37.14,,
"1_IN","     Country - intermediate regions","SVN","Slovenia","POP_TYPO_SH","    Share of national population by typology","T","Total","ALL","All regions","2000","2000",,,"0","Units",,,38.9,,
"1_PR","     Country - rural regions","SVN","Slovenia","POP_TYPO_SH","    Share of national population by typology","T","Total","ALL","All regions","2000","2000",,,"0","Units",,,61.1,,
"1_PRC","     Country - predominantly rural close to a city","SVN","Slovenia","POP_TYPO_SH","    Share of national population by typology","T","Total","ALL","All regions","2000","2000",,,"0","Units",,,57.38,,
"1_PRR","     Country - predominantly rural remote","SVN","Slovenia","POP_TYPO_SH","    Share of national population by typology","T","Total","ALL","All regions","2000","2000",,,"0","Units",,,3.73,,
"1_IN","     Country - intermediate regions","SVN","Slovenia","POP_TYPO_SH","    Share of national population by typology","F","Females","ALL","All regions","2000","2000",,,"0","Units",,,39.11,,
"1_PR","     Country - rural regions","SVN","Slovenia","POP_TYPO_SH","    Share of national population by typology","F","Females","ALL","All regions","2000","2000",,,"0","Units",,,60.89,,
"1_PRC","     Country - predominantly rural close to a city","SVN","Slovenia","POP_TYPO_SH","    Share of national population by typology","F","Females","ALL","All regions","2000","2000",,,"0","Units",,,57.24,,
"1_PRR","     Country - predominantly rural remote","SVN","Slovenia","POP_TYPO_SH","    Share of national population by typology","F","Females","ALL","All regions","2000","2000",,,"0","Units",,,3.66,,
"1_IN","     Country - intermediate regions","SVN","Slovenia","POP_TYPO_SH","    Share of national population by typology","M","Males","ALL","All regions","2000","2000",,,"0","Units",,,38.68,,
"1_PR","     Country - rural regions","SVN","Slovenia","POP_TYPO_SH","    Share of national population by typology","M","Males","ALL","All regions","2000","2000",,,"0","Units",,,61.32,,
"1_PRC","     Country - predominantly rural close to a city","SVN","Slovenia","POP_TYPO_SH","    Share of national population by typology","M","Males","ALL","All regions","2000","2000",,,"0","Units",,,57.53,,
"1_PRR","     Country - predominantly rural remote","SVN","Slovenia","POP_TYPO_SH","    Share of national population by typology","M","Males","ALL","All regions","2000","2000",,,"0","Units",,,3.8,,
"1_PU","     Country - predominantly urban regions","ESP","Spain","POP_TYPO_SH","    Share of national population by typology","T","Total","ALL","All regions","2000","2000",,,"0","Units",,,61.31,,
"1_IN","     Country - intermediate regions","ESP","Spain","POP_TYPO_SH","    Share of national population by typology","T","Total","ALL","All regions","2000","2000",,,"0","Units",,,34.55,,
"1_PR","     Country - rural regions","ESP","Spain","POP_TYPO_SH","    Share of national population by typology","T","Total","ALL","All regions","2000","2000",,,"0","Units",,,4.14,,
"1_PRC","     Country - predominantly rural close to a city","ESP","Spain","POP_TYPO_SH","    Share of national population by typology","T","Total","ALL","All regions","2000","2000",,,"0","Units",,,2.6,,
"1_PRR","     Country - predominantly rural remote","ESP","Spain","POP_TYPO_SH","    Share of national population by typology","T","Total","ALL","All regions","2000","2000",,,"0","Units",,,1.54,,
"1_PU","     Country - predominantly urban regions","CHL","Chile","POP_TYPO_SH","    Share of national population by typology","T","Total","ALL","All regions","2000","2000",,,"0","Units",,,48.64,,
"1_IN","     Country - intermediate regions","CHL","Chile","POP_TYPO_SH","    Share of national population by typology","T","Total","ALL","All regions","2000","2000",,,"0","Units",,,15.69,,
"1_PR","     Country - rural regions","CHL","Chile","POP_TYPO_SH","    Share of national population by typology","T","Total","ALL","All regions","2000","2000",,,"0","Units",,,35.67,,
"1_PU","     Country - predominantly urban regions","CHL","Chile","POP_TYPO_SH","    Share of national population by typology","F","Females","ALL","All regions","2000","2000",,,"0","Units",,,52.45,,
"1_IN","     Country - intermediate regions","CHL","Chile","POP_TYPO_SH","    Share of national population by typology","F","Females","ALL","All regions","2000","2000",,,"0","Units",,,14.57,,
"1_PR","     Country - rural regions","CHL","Chile","POP_TYPO_SH","    Share of national population by typology","F","Females","ALL","All regions","2000","2000",,,"0","Units",,,32.98,,
"1_PU","     Country - predominantly urban regions","CHL","Chile","POP_TYPO_SH","    Share of national population by typology","M","Males","ALL","All regions","2000","2000",,,"0","Units",,,50.67,,
"1_IN","     Country - intermediate regions","CHL","Chile","POP_TYPO_SH","    Share of national population by typology","M","Males","ALL","All regions","2000","2000",,,"0","Units",,,14.74,,
"1_PR","     Country - rural regions","CHL","Chile","POP_TYPO_SH","    Share of national population by typology","M","Males","ALL","All regions","2000","2000",,,"0","Units",,,34.58,,
"1_PU","     Country - predominantly urban regions","CZE","Czech Republic","POP_TYPO_SH","    Share of national population by typology","T","Total","ALL","All regions","2000","2000",,,"0","Units",,,22.35,,
"1_IN","     Country - intermediate regions","CZE","Czech Republic","POP_TYPO_SH","    Share of national population by typology","T","Total","ALL","All regions","2000","2000",,,"0","Units",,,56.24,,
"1_PR","     Country - rural regions","CZE","Czech Republic","POP_TYPO_SH","    Share of national population by typology","T","Total","ALL","All regions","2000","2000",,,"0","Units",,,21.41,,
"1_PRC","     Country - predominantly rural close to a city","CZE","Czech Republic","POP_TYPO_SH","    Share of national population by typology","T","Total","ALL","All regions","2000","2000",,,"0","Units",,,21.41,,
"1_PU","     Country - predominantly urban regions","CZE","Czech Republic","POP_TYPO_SH","    Share of national population by typology","F","Females","ALL","All regions","2000","2000",,,"0","Units",,,22.61,,
"1_IN","     Country - intermediate regions","CZE","Czech Republic","POP_TYPO_SH","    Share of national population by typology","F","Females","ALL","All regions","2000","2000",,,"0","Units",,,56.16,,
"1_PR","     Country - rural regions","CZE","Czech Republic","POP_TYPO_SH","    Share of national population by typology","F","Females","ALL","All regions","2000","2000",,,"0","Units",,,21.22,,
"1_PRC","     Country - predominantly rural close to a city","CZE","Czech Republic","POP_TYPO_SH","    Share of national population by typology","F","Females","ALL","All regions","2000","2000",,,"0","Units",,,21.22,,
"1_PU","     Country - predominantly urban regions","CZE","Czech Republic","POP_TYPO_SH","    Share of national population by typology","M","Males","ALL","All regions","2000","2000",,,"0","Units",,,22.07,,
"1_IN","     Country - intermediate regions","CZE","Czech Republic","POP_TYPO_SH","    Share of national population by typology","M","Males","ALL","All regions","2000","2000",,,"0","Units",,,56.33,,
"1_PR","     Country - rural regions","CZE","Czech Republic","POP_TYPO_SH","    Share of national population by typology","M","Males","ALL","All regions","2000","2000",,,"0","Units",,,21.6,,
"1_PRC","     Country - predominantly rural close to a city","CZE","Czech Republic","POP_TYPO_SH","    Share of national population by typology","M","Males","ALL","All regions","2000","2000",,,"0","Units",,,21.6,,
"1_PU","     Country - predominantly urban regions","DNK","Denmark","POP_TYPO_SH","    Share of national population by typology","T","Total","ALL","All regions","2000","2000",,,"0","Units",,,21.37,,
"1_IN","     Country - intermediate regions","DNK","Denmark","POP_TYPO_SH","    Share of national population by typology","T","Total","ALL","All regions","2000","2000",,,"0","Units",,,48.53,,
"1_PR","     Country - rural regions","DNK","Denmark","POP_TYPO_SH","    Share of national population by typology","T","Total","ALL","All regions","2000","2000",,,"0","Units",,,30.1,,
"1_PRC","     Country - predominantly rural close to a city","DNK","Denmark","POP_TYPO_SH","    Share of national population by typology","T","Total","ALL","All regions","2000","2000",,,"0","Units",,,10.88,,
"1_PRR","     Country - predominantly rural remote","DNK","Denmark","POP_TYPO_SH","    Share of national population by typology","T","Total","ALL","All regions","2000","2000",,,"0","Units",,,19.22,,
"1_PU","     Country - predominantly urban regions","DNK","Denmark","POP_TYPO_SH","    Share of national population by typology","F","Females","ALL","All regions","2000","2000",,,"0","Units",,,21.77,,
"1_IN","     Country - intermediate regions","DNK","Denmark","POP_TYPO_SH","    Share of national population by typology","F","Females","ALL","All regions","2000","2000",,,"0","Units",,,48.4,,
"1_PR","     Country - rural regions","DNK","Denmark","POP_TYPO_SH","    Share of national population by typology","F","Females","ALL","All regions","2000","2000",,,"0","Units",,,29.82,,
"1_PRC","     Country - predominantly rural close to a city","DNK","Denmark","POP_TYPO_SH","    Share of national population by typology","F","Females","ALL","All regions","2000","2000",,,"0","Units",,,10.76,,
"1_PRR","     Country - predominantly rural remote","DNK","Denmark","POP_TYPO_SH","    Share of national population by typology","F","Females","ALL","All regions","2000","2000",,,"0","Units",,,19.06,,
"1_PU","     Country - predominantly urban regions","DNK","Denmark","POP_TYPO_SH","    Share of national population by typology","M","Males","ALL","All regions","2000","2000",,,"0","Units",,,20.97,,
"1_IN","     Country - intermediate regions","DNK","Denmark","POP_TYPO_SH","    Share of national population by typology","M","Males","ALL","All regions","2000","2000",,,"0","Units",,,48.65,,
"1_PR","     Country - rural regions","DNK","Denmark","POP_TYPO_SH","    Share of national population by typology","M","Males","ALL","All regions","2000","2000",,,"0","Units",,,30.38,,
"1_PRC","     Country - predominantly rural close to a city","DNK","Denmark","POP_TYPO_SH","    Share of national population by typology","M","Males","ALL","All regions","2000","2000",,,"0","Units",,,10.99,,
"1_PRR","     Country - predominantly rural remote","DNK","Denmark","POP_TYPO_SH","    Share of national population by typology","M","Males","ALL","All regions","2000","2000",,,"0","Units",,,19.39,,
"1_PU","     Country - predominantly urban regions","EST","Estonia","POP_TYPO_SH","    Share of national population by typology","T","Total","ALL","All regions","2000","2000",,,"0","Units",,,38.29,,
"1_IN","     Country - intermediate regions","EST","Estonia","POP_TYPO_SH","    Share of national population by typology","T","Total","ALL","All regions","2000","2000",,,"0","Units",,,13.12,,
"1_PR","     Country - rural regions","EST","Estonia","POP_TYPO_SH","    Share of national population by typology","T","Total","ALL","All regions","2000","2000",,,"0","Units",,,48.59,,
"1_PRC","     Country - predominantly rural close to a city","EST","Estonia","POP_TYPO_SH","    Share of national population by typology","T","Total","ALL","All regions","2000","2000",,,"0","Units",,,26.02,,
"1_PRR","     Country - predominantly rural remote","EST","Estonia","POP_TYPO_SH","    Share of national population by typology","T","Total","ALL","All regions","2000","2000",,,"0","Units",,,22.58,,
"1_PU","     Country - predominantly urban regions","EST","Estonia","POP_TYPO_SH","    Share of national population by typology","F","Females","ALL","All regions","2000","2000",,,"0","Units",,,38.54,,
"1_IN","     Country - intermediate regions","EST","Estonia","POP_TYPO_SH","    Share of national population by typology","F","Females","ALL","All regions","2000","2000",,,"0","Units",,,13.26,,
"1_PR","     Country - rural regions","EST","Estonia","POP_TYPO_SH","    Share of national population by typology","F","Females","ALL","All regions","2000","2000",,,"0","Units",,,48.2,,
"1_PRC","     Country - predominantly rural close to a city","EST","Estonia","POP_TYPO_SH","    Share of national population by typology","F","Females","ALL","All regions","2000","2000",,,"0","Units",,,25.81,,
"1_PRR","     Country - predominantly rural remote","EST","Estonia","POP_TYPO_SH","    Share of national population by typology","F","Females","ALL","All regions","2000","2000",,,"0","Units",,,22.39,,
"1_PU","     Country - predominantly urban regions","EST","Estonia","POP_TYPO_SH","    Share of national population by typology","M","Males","ALL","All regions","2000","2000",,,"0","Units",,,37.99,,
"1_IN","     Country - intermediate regions","EST","Estonia","POP_TYPO_SH","    Share of national population by typology","M","Males","ALL","All regions","2000","2000",,,"0","Units",,,12.97,,
"1_PR","     Country - rural regions","EST","Estonia","POP_TYPO_SH","    Share of national population by typology","M","Males","ALL","All regions","2000","2000",,,"0","Units",,,49.04,,
"1_PRC","     Country - predominantly rural close to a city","EST","Estonia","POP_TYPO_SH","    Share of national population by typology","M","Males","ALL","All regions","2000","2000",,,"0","Units",,,26.25,,
"1_PRR","     Country - predominantly rural remote","EST","Estonia","POP_TYPO_SH","    Share of national population by typology","M","Males","ALL","All regions","2000","2000",,,"0","Units",,,22.79,,
"1_PU","     Country - predominantly urban regions","FIN","Finland","POP_TYPO_SH","    Share of national population by typology","T","Total","ALL","All regions","2000","2000",,,"0","Units",,,26.68,,
"1_IN","     Country - intermediate regions","FIN","Finland","POP_TYPO_SH","    Share of national population by typology","T","Total","ALL","All regions","2000","2000",,,"0","Units",,,30.57,,
"1_PR","     Country - rural regions","FIN","Finland","POP_TYPO_SH","    Share of national population by typology","T","Total","ALL","All regions","2000","2000",,,"0","Units",,,42.75,,
"1_PRC","     Country - predominantly rural close to a city","FIN","Finland","POP_TYPO_SH","    Share of national population by typology","T","Total","ALL","All regions","2000","2000",,,"0","Units",,,17.22,,
"1_PRR","     Country - predominantly rural remote","FIN","Finland","POP_TYPO_SH","    Share of national population by typology","T","Total","ALL","All regions","2000","2000",,,"0","Units",,,25.53,,
"1_PU","     Country - predominantly urban regions","FIN","Finland","POP_TYPO_SH","    Share of national population by typology","F","Females","ALL","All regions","2000","2000",,,"0","Units",,,27.11,,
"1_IN","     Country - intermediate regions","FIN","Finland","POP_TYPO_SH","    Share of national population by typology","F","Females","ALL","All regions","2000","2000",,,"0","Units",,,30.73,,
"1_PR","     Country - rural regions","FIN","Finland","POP_TYPO_SH","    Share of national population by typology","F","Females","ALL","All regions","2000","2000",,,"0","Units",,,42.17,,
"1_PRC","     Country - predominantly rural close to a city","FIN","Finland","POP_TYPO_SH","    Share of national population by typology","F","Females","ALL","All regions","2000","2000",,,"0","Units",,,16.95,,
"1_PRR","     Country - predominantly rural remote","FIN","Finland","POP_TYPO_SH","    Share of national population by typology","F","Females","ALL","All regions","2000","2000",,,"0","Units",,,25.21,,
"1_PU","     Country - predominantly urban regions","FIN","Finland","POP_TYPO_SH","    Share of national population by typology","M","Males","ALL","All regions","2000","2000",,,"0","Units",,,26.23,,
"1_IN","     Country - intermediate regions","FIN","Finland","POP_TYPO_SH","    Share of national population by typology","M","Males","ALL","All regions","2000","2000",,,"0","Units",,,30.4,,
"1_PR","     Country - rural regions","FIN","Finland","POP_TYPO_SH","    Share of national population by typology","M","Males","ALL","All regions","2000","2000",,,"0","Units",,,43.37,,
"1_PRC","     Country - predominantly rural close to a city","FIN","Finland","POP_TYPO_SH","    Share of national population by typology","M","Males","ALL","All regions","2000","2000",,,"0","Units",,,17.5,,
"1_PRR","     Country - predominantly rural remote","FIN","Finland","POP_TYPO_SH","    Share of national population by typology","M","Males","ALL","All regions","2000","2000",,,"0","Units",,,25.87,,
"1_PU","     Country - predominantly urban regions","KOR","Korea","POP_TYPO_SH","    Share of national population by typology","T","Total","ALL","All regions","2000","2000",,,"0","Units",,,67.7,,
"1_IN","     Country - intermediate regions","KOR","Korea","POP_TYPO_SH","    Share of national population by typology","T","Total","ALL","All regions","2000","2000",,,"0","Units",,,32.3,,
"1_PU","     Country - predominantly urban regions","KOR","Korea","POP_TYPO_SH","    Share of national population by typology","F","Females","ALL","All regions","2000","2000",,,"0","Units",,,67.54,,
"1_IN","     Country - intermediate regions","KOR","Korea","POP_TYPO_SH","    Share of national population by typology","F","Females","ALL","All regions","2000","2000",,,"0","Units",,,32.46,,
"1_PU","     Country - predominantly urban regions","KOR","Korea","POP_TYPO_SH","    Share of national population by typology","M","Males","ALL","All regions","2000","2000",,,"0","Units",,,67.86,,
"1_IN","     Country - intermediate regions","KOR","Korea","POP_TYPO_SH","    Share of national population by typology","M","Males","ALL","All regions","2000","2000",,,"0","Units",,,32.14,,
"1_IN","     Country - intermediate regions","LUX","Luxembourg","POP_TYPO_SH","    Share of national population by typology","T","Total","ALL","All regions","2000","2000",,,"0","Units",,,100,,
"1_IN","     Country - intermediate regions","LUX","Luxembourg","POP_TYPO_SH","    Share of national population by typology","F","Females","ALL","All regions","2000","2000",,,"0","Units",,,100,,
"1_IN","     Country - intermediate regions","LUX","Luxembourg","POP_TYPO_SH","    Share of national population by typology","M","Males","ALL","All regions","2000","2000",,,"0","Units",,,100,,
"1_PU","     Country - predominantly urban regions","MEX","Mexico","POP_TYPO_SH","    Share of national population by typology","T","Total","ALL","All regions","2000","2000",,,"0","Units",,,45.85,,
"1_IN","     Country - intermediate regions","MEX","Mexico","POP_TYPO_SH","    Share of national population by typology","T","Total","ALL","All regions","2000","2000",,,"0","Units",,,17.26,,
"1_PR","     Country - rural regions","MEX","Mexico","POP_TYPO_SH","    Share of national population by typology","T","Total","ALL","All regions","2000","2000",,,"0","Units",,,36.89,,
"1_PRC","     Country - predominantly rural close to a city","MEX","Mexico","POP_TYPO_SH","    Share of national population by typology","T","Total","ALL","All regions","2000","2000",,,"0","Units",,,27.26,,
"1_PRR","     Country - predominantly rural remote","MEX","Mexico","POP_TYPO_SH","    Share of national population by typology","T","Total","ALL","All regions","2000","2000",,,"0","Units",,,9.63,,
"1_PU","     Country - predominantly urban regions","MEX","Mexico","POP_TYPO_SH","    Share of national population by typology","F","Females","ALL","All regions","2000","2000",,,"0","Units",,,46.06,,
"1_IN","     Country - intermediate regions","MEX","Mexico","POP_TYPO_SH","    Share of national population by typology","F","Females","ALL","All regions","2000","2000",,,"0","Units",,,17.38,,
"1_PR","     Country - rural regions","MEX","Mexico","POP_TYPO_SH","    Share of national population by typology","F","Females","ALL","All regions","2000","2000",,,"0","Units",,,36.56,,
"1_PRC","     Country - predominantly rural close to a city","MEX","Mexico","POP_TYPO_SH","    Share of national population by typology","F","Females","ALL","All regions","2000","2000",,,"0","Units",,,27.12,,
"1_PRR","     Country - predominantly rural remote","MEX","Mexico","POP_TYPO_SH","    Share of national population by typology","F","Females","ALL","All regions","2000","2000",,,"0","Units",,,9.44,,
"1_PU","     Country - predominantly urban regions","MEX","Mexico","POP_TYPO_SH","    Share of national population by typology","M","Males","ALL","All regions","2000","2000",,,"0","Units",,,45.73,,
"1_IN","     Country - intermediate regions","MEX","Mexico","POP_TYPO_SH","    Share of national population by typology","M","Males","ALL","All regions","2000","2000",,,"0","Units",,,17.16,,
"1_PR","     Country - rural regions","MEX","Mexico","POP_TYPO_SH","    Share of national population by typology","M","Males","ALL","All regions","2000","2000",,,"0","Units",,,37.11,,
"1_PRC","     Country - predominantly rural close to a city","MEX","Mexico","POP_TYPO_SH","    Share of national population by typology","M","Males","ALL","All regions","2000","2000",,,"0","Units",,,27.45,,
"1_PRR","     Country - predominantly rural remote","MEX","Mexico","POP_TYPO_SH","    Share of national population by typology","M","Males","ALL","All regions","2000","2000",,,"0","Units",,,9.66,,
"1_PU","     Country - predominantly urban regions","SWE","Sweden","POP_TYPO_SH","    Share of national population by typology","T","Total","ALL","All regions","2000","2000",,,"0","Units",,,47.99,,
"1_IN","     Country - intermediate regions","SWE","Sweden","POP_TYPO_SH","    Share of national population by typology","T","Total","ALL","All regions","2000","2000",,,"0","Units",,,42.05,,
"1_PR","     Country - rural regions","SWE","Sweden","POP_TYPO_SH","    Share of national population by typology","T","Total","ALL","All regions","2000","2000",,,"0","Units",,,9.96,,
"1_PRR","     Country - predominantly rural remote","SWE","Sweden","POP_TYPO_SH","    Share of national population by typology","T","Total","ALL","All regions","2000","2000",,,"0","Units",,,9.96,,
"1_PU","     Country - predominantly urban regions","SWE","Sweden","POP_TYPO_SH","    Share of national population by typology","F","Females","ALL","All regions","2000","2000",,,"0","Units",,,48.14,,
"1_IN","     Country - intermediate regions","SWE","Sweden","POP_TYPO_SH","    Share of national population by typology","F","Females","ALL","All regions","2000","2000",,,"0","Units",,,41.98,,
"1_PR","     Country - rural regions","SWE","Sweden","POP_TYPO_SH","    Share of national population by typology","F","Females","ALL","All regions","2000","2000",,,"0","Units",,,9.88,,
"1_PRR","     Country - predominantly rural remote","SWE","Sweden","POP_TYPO_SH","    Share of national population by typology","F","Females","ALL","All regions","2000","2000",,,"0","Units",,,9.88,,
"1_PU","     Country - predominantly urban regions","SWE","Sweden","POP_TYPO_SH","    Share of national population by typology","M","Males","ALL","All regions","2000","2000",,,"0","Units",,,47.84,,
"1_IN","     Country - intermediate regions","SWE","Sweden","POP_TYPO_SH","    Share of national population by typology","M","Males","ALL","All regions","2000","2000",,,"0","Units",,,42.12,,
"1_PR","     Country - rural regions","SWE","Sweden","POP_TYPO_SH","    Share of national population by typology","M","Males","ALL","All regions","2000","2000",,,"0","Units",,,10.03,,
"1_PRR","     Country - predominantly rural remote","SWE","Sweden","POP_TYPO_SH","    Share of national population by typology","M","Males","ALL","All regions","2000","2000",,,"0","Units",,,10.03,,
"1_PU","     Country - predominantly urban regions","CHE","Switzerland","POP_TYPO_SH","    Share of national population by typology","T","Total","ALL","All regions","2000","2000",,,"0","Units",,,59.73,,
"1_IN","     Country - intermediate regions","CHE","Switzerland","POP_TYPO_SH","    Share of national population by typology","T","Total","ALL","All regions","2000","2000",,,"0","Units",,,36.71,,
"1_PR","     Country - rural regions","CHE","Switzerland","POP_TYPO_SH","    Share of national population by typology","T","Total","ALL","All regions","2000","2000",,,"0","Units",,,3.56,,
"1_PRC","     Country - predominantly rural close to a city","CHE","Switzerland","POP_TYPO_SH","    Share of national population by typology","T","Total","ALL","All regions","2000","2000",,,"0","Units",,,0.96,,
"1_PRR","     Country - predominantly rural remote","CHE","Switzerland","POP_TYPO_SH","    Share of national population by typology","T","Total","ALL","All regions","2000","2000",,,"0","Units",,,2.6,,
"1_PU","     Country - predominantly urban regions","CHE","Switzerland","POP_TYPO_SH","    Share of national population by typology","F","Females","ALL","All regions","2000","2000",,,"0","Units",,,59.99,,
"1_IN","     Country - intermediate regions","CHE","Switzerland","POP_TYPO_SH","    Share of national population by typology","F","Females","ALL","All regions","2000","2000",,,"0","Units",,,36.49,,
"1_PR","     Country - rural regions","CHE","Switzerland","POP_TYPO_SH","    Share of national population by typology","F","Females","ALL","All regions","2000","2000",,,"0","Units",,,3.53,,
"1_PRC","     Country - predominantly rural close to a city","CHE","Switzerland","POP_TYPO_SH","    Share of national population by typology","F","Females","ALL","All regions","2000","2000",,,"0","Units",,,0.95,,
"1_PRR","     Country - predominantly rural remote","CHE","Switzerland","POP_TYPO_SH","    Share of national population by typology","F","Females","ALL","All regions","2000","2000",,,"0","Units",,,2.57,,
"1_PU","     Country - predominantly urban regions","CHE","Switzerland","POP_TYPO_SH","    Share of national population by typology","M","Males","ALL","All regions","2000","2000",,,"0","Units",,,59.46,,
"1_IN","     Country - intermediate regions","CHE","Switzerland","POP_TYPO_SH","    Share of national population by typology","M","Males","ALL","All regions","2000","2000",,,"0","Units",,,36.95,,
"1_PR","     Country - rural regions","CHE","Switzerland","POP_TYPO_SH","    Share of national population by typology","M","Males","ALL","All regions","2000","2000",,,"0","Units",,,3.59,,
"1_PRC","     Country - predominantly rural close to a city","CHE","Switzerland","POP_TYPO_SH","    Share of national population by typology","M","Males","ALL","All regions","2000","2000",,,"0","Units",,,0.97,,
"1_PRR","     Country - predominantly rural remote","CHE","Switzerland","POP_TYPO_SH","    Share of national population by typology","M","Males","ALL","All regions","2000","2000",,,"0","Units",,,2.62,,
"1_PU","     Country - predominantly urban regions","ROU","Romania","POP_TYPO_SH","    Share of national population by typology","T","Total","ALL","All regions","2000","2000",,,"0","Units",,,11.9,,
"1_IN","     Country - intermediate regions","ROU","Romania","POP_TYPO_SH","    Share of national population by typology","T","Total","ALL","All regions","2000","2000",,,"0","Units",,,32.58,,
"1_PR","     Country - rural regions","ROU","Romania","POP_TYPO_SH","    Share of national population by typology","T","Total","ALL","All regions","2000","2000",,,"0","Units",,,55.52,,
"1_PRC","     Country - predominantly rural close to a city","ROU","Romania","POP_TYPO_SH","    Share of national population by typology","T","Total","ALL","All regions","2000","2000",,,"0","Units",,,40.96,,
"1_PRR","     Country - predominantly rural remote","ROU","Romania","POP_TYPO_SH","    Share of national population by typology","T","Total","ALL","All regions","2000","2000",,,"0","Units",,,14.56,,
"1_PU","     Country - predominantly urban regions","ROU","Romania","POP_TYPO_SH","    Share of national population by typology","F","Females","ALL","All regions","2000","2000",,,"0","Units",,,12.26,,
"1_IN","     Country - intermediate regions","ROU","Romania","POP_TYPO_SH","    Share of national population by typology","F","Females","ALL","All regions","2000","2000",,,"0","Units",,,32.6,,
"1_PR","     Country - rural regions","ROU","Romania","POP_TYPO_SH","    Share of national population by typology","F","Females","ALL","All regions","2000","2000",,,"0","Units",,,55.14,,
"1_PRC","     Country - predominantly rural close to a city","ROU","Romania","POP_TYPO_SH","    Share of national population by typology","F","Females","ALL","All regions","2000","2000",,,"0","Units",,,40.72,,
"1_PRR","     Country - predominantly rural remote","ROU","Romania","POP_TYPO_SH","    Share of national population by typology","F","Females","ALL","All regions","2000","2000",,,"0","Units",,,14.42,,
"1_PU","     Country - predominantly urban regions","ROU","Romania","POP_TYPO_SH","    Share of national population by typology","M","Males","ALL","All regions","2000","2000",,,"0","Units",,,11.52,,
"1_IN","     Country - intermediate regions","ROU","Romania","POP_TYPO_SH","    Share of national population by typology","M","Males","ALL","All regions","2000","2000",,,"0","Units",,,32.56,,
"1_PR","     Country - rural regions","ROU","Romania","POP_TYPO_SH","    Share of national population by typology","M","Males","ALL","All regions","2000","2000",,,"0","Units",,,55.91,,
"1_PRC","     Country - predominantly rural close to a city","ROU","Romania","POP_TYPO_SH","    Share of national population by typology","M","Males","ALL","All regions","2000","2000",,,"0","Units",,,41.21,,
"1_PRR","     Country - predominantly rural remote","ROU","Romania","POP_TYPO_SH","    Share of national population by typology","M","Males","ALL","All regions","2000","2000",,,"0","Units",,,14.7,,
"1_PU","     Country - predominantly urban regions","BGR","Bulgaria","POP_TYPO_SH","    Share of national population by typology","T","Total","ALL","All regions","2000","2000",,,"0","Units",,,14.79,,
"1_IN","     Country - intermediate regions","BGR","Bulgaria","POP_TYPO_SH","    Share of national population by typology","T","Total","ALL","All regions","2000","2000",,,"0","Units",,,70.44,,
"1_PR","     Country - rural regions","BGR","Bulgaria","POP_TYPO_SH","    Share of national population by typology","T","Total","ALL","All regions","2000","2000",,,"0","Units",,,14.77,,
"1_PRC","     Country - predominantly rural close to a city","BGR","Bulgaria","POP_TYPO_SH","    Share of national population by typology","T","Total","ALL","All regions","2000","2000",,,"0","Units",,,6.91,,
"1_PRR","     Country - predominantly rural remote","BGR","Bulgaria","POP_TYPO_SH","    Share of national population by typology","T","Total","ALL","All regions","2000","2000",,,"0","Units",,,7.86,,
"1_PU","     Country - predominantly urban regions","BGR","Bulgaria","POP_TYPO_SH","    Share of national population by typology","F","Females","ALL","All regions","2000","2000",,,"0","Units",,,15.14,,
"1_IN","     Country - intermediate regions","BGR","Bulgaria","POP_TYPO_SH","    Share of national population by typology","F","Females","ALL","All regions","2000","2000",,,"0","Units",,,70.2,,
"1_PR","     Country - rural regions","BGR","Bulgaria","POP_TYPO_SH","    Share of national population by typology","F","Females","ALL","All regions","2000","2000",,,"0","Units",,,14.66,,
"1_PRC","     Country - predominantly rural close to a city","BGR","Bulgaria","POP_TYPO_SH","    Share of national population by typology","F","Females","ALL","All regions","2000","2000",,,"0","Units",,,6.88,,
"1_PRR","     Country - predominantly rural remote","BGR","Bulgaria","POP_TYPO_SH","    Share of national population by typology","F","Females","ALL","All regions","2000","2000",,,"0","Units",,,7.79,,
"1_PU","     Country - predominantly urban regions","BGR","Bulgaria","POP_TYPO_SH","    Share of national population by typology","M","Males","ALL","All regions","2000","2000",,,"0","Units",,,14.43,,
"1_IN","     Country - intermediate regions","BGR","Bulgaria","POP_TYPO_SH","    Share of national population by typology","M","Males","ALL","All regions","2000","2000",,,"0","Units",,,70.68,,
"1_PR","     Country - rural regions","BGR","Bulgaria","POP_TYPO_SH","    Share of national population by typology","M","Males","ALL","All regions","2000","2000",,,"0","Units",,,14.89,,
"1_PRC","     Country - predominantly rural close to a city","BGR","Bulgaria","POP_TYPO_SH","    Share of national population by typology","M","Males","ALL","All regions","2000","2000",,,"0","Units",,,6.94,,
"1_PRR","     Country - predominantly rural remote","BGR","Bulgaria","POP_TYPO_SH","    Share of national population by typology","M","Males","ALL","All regions","2000","2000",,,"0","Units",,,7.94,,
"1_PU","     Country - predominantly urban regions","TUN","Tunisia","POP_TYPO_SH","    Share of national population by typology","T","Total","ALL","All regions","2000","2000",,,"0","Units",,,59.51,,
"1_IN","     Country - intermediate regions","TUN","Tunisia","POP_TYPO_SH","    Share of national population by typology","T","Total","ALL","All regions","2000","2000",,,"0","Units",,,40.49,,
"1_PU","     Country - predominantly urban regions","TUN","Tunisia","POP_TYPO_SH","    Share of national population by typology","F","Females","ALL","All regions","2000","2000",,,"0","Units",,,59.05,,
"1_IN","     Country - intermediate regions","TUN","Tunisia","POP_TYPO_SH","    Share of national population by typology","F","Females","ALL","All regions","2000","2000",,,"0","Units",,,40.95,,
"1_IN","     Country - intermediate regions","TUN","Tunisia","POP_TYPO_SH","    Share of national population by typology","M","Males","ALL","All regions","2000","2000",,,"0","Units",,,40.5,,
"1_PU","     Country - predominantly urban regions","TUN","Tunisia","POP_TYPO_SH","    Share of national population by typology","M","Males","ALL","All regions","2000","2000",,,"0","Units",,,59.5,,
